,geometry,REACH_ID,GOID,NOID,NUOID,NDOID,CON_ID,CONTINENT,COUNTRY,BAS_ID,BAS_NAME,LENGTH_KM,VOLUME_TCM,UPLAND_SKM,DIS_AV_CMS,RIV_ORD,ERO_YLD_TON,HYFALL,BB_ID,BB_NAME,BB_LEN_KM,BB_DIS_ORD,BB_VOL_TCM,BB_OCEAN,INC,DOF,DOR,SED,USE,URB,RDD,FLD,CSI,CSI_D,CSI_FF,CSI_FF1,CSI_FF2,CSI_FFID,Shape_Length
0,"MULTILINESTRING ((9.735416667000038 37.16458333300005, 9.747916667000027 37.16458333300005, 9.75208333300003 37.168750000000045, 9.760416667000072 37.168750000000045, 9.764583333000076 37.17291666700004, 9.768750000000068 37.17291666700004, 9.772916667000061 37.17708333300004, 9.772916667000061 37.181250000000034, 9.777083333000064 37.18541666700003, 9.781250000000057 37.18541666700003))",10000030,30,30,29_48,0,4,Africa,Tunisia,2612222,,5.417,133.011,2222.716,17.67,5,4474.205803,0,16,,80.955,5,702.266,1,1,100,58.98703384,91.74741654,33.59999847,23.98600006,1.016000032,91.36699677,32.25168,DOF,0,3,3,16,0.05690356
1,"MULTILINESTRING ((9.389583333000076 37.13541666700007, 9.397916667000061 37.13541666700007, 9.402083333000064 37.139583333000076, 9.41041666700005 37.139583333000076, 9.414583333000053 37.14375000000007, 9.418750000000045 37.14375000000007, 9.43958333300003 37.16458333300005, 9.443750000000023 37.16458333300005, 9.447916667000072 37.168750000000045, 9.452083333000076 37.168750000000045, 9.460416667000061 37.17708333300004, 9.468750000000057 37.17708333300004, 9.47291666700005 37.181250000000034, 9.481250000000045 37.181250000000034, 9.485416667000038 37.18541666700003, 9.489583333000041 37.181250000000034, 9.493750000000034 37.18541666700003, 9.497916667000027 37.18541666700003, 9.506250000000023 37.19375000000008))",10000047,47,47,49_61,19,4,Africa,Tunisia,2612222,,13.91,135.041,379.241,4.363,6,10651.54361,0,16,,80.955,5,702.266,1,1,100,94.48253632,94.85607962,28.39999962,0,0,7.887000084,23.16683,DOF,0,3,3,16,0.144280905
2,"MULTILINESTRING ((8.985416667000038 37.02291666700006, 8.956250000000068 37.02291666700006, 8.952083333000076 37.01875000000007, 8.943750000000023 37.01875000000007, 8.931250000000034 37.03125000000006, 8.927083333000041 37.03125000000006, 8.922916667000038 37.03541666700005))",10000117,117,117,111_123,0,4,Africa,Tunisia,2617710,,6.663,102.86,912.356,7.375,6,8173.596129,0,685,,47.934,6,296.871,1,1,100,100,95.40179877,15.30000019,0,0,87.28800201,23.39473,DOF,0,3,3,697,0.07112945
